group	idx	run_id	dataset	model	extra_overrides	lr	seed	augment	first_job_id	resubmit_job_id
pose	0	p200k_dr_isla_pose_seed42	drivaer_ml_surface_pose	isla_surface_reference	-	1e-3	42	false	788372	
pose	1	p200k_dr_isla_pose_seed43	drivaer_ml_surface_pose	isla_surface_reference	-	1e-3	43	false	788373	
pose	2	p200k_dr_gt_unit_pose_seed42	drivaer_ml_surface_pose	geotransolver_surface	forward_kwargs.global_embedding=global_data.U_inf_dir	1e-3	42	true	788374	
pose	3	p200k_dr_gt_unit_pose_seed43	drivaer_ml_surface_pose	geotransolver_surface	forward_kwargs.global_embedding=global_data.U_inf_dir	1e-3	43	true	788375	
pose	4	p200k_dr_transolver_unit_pose_seed42	drivaer_ml_surface_pose	transolver_surface	forward_kwargs.fx.source=global_data.U_inf_dir	3e-3	42	true	788376	
pose	5	p200k_dr_transolver_unit_pose_seed43	drivaer_ml_surface_pose	transolver_surface	forward_kwargs.fx.source=global_data.U_inf_dir	3e-3	43	true	788377	
hl	0	p200k_hl_isla_super_scarce_seed42	highlift_surface_super_scarce	isla_surface_reference	model.out_scalars=3 model.out_vectors=2 +training.val_interval=25	1e-3	42	false	788378	788742
hl	1	p200k_hl_isla_super_scarce_seed43	highlift_surface_super_scarce	isla_surface_reference	model.out_scalars=3 model.out_vectors=2 +training.val_interval=25	1e-3	43	false	788379	788743
hl	2	p200k_hl_gt_unit_super_scarce_seed42	highlift_surface_super_scarce	geotransolver_surface	forward_kwargs.global_embedding=global_data.U_inf_dir +training.val_interval=25	3e-3	42	false	788380	
hl	3	p200k_hl_gt_unit_super_scarce_seed43	highlift_surface_super_scarce	geotransolver_surface	forward_kwargs.global_embedding=global_data.U_inf_dir +training.val_interval=25	3e-3	43	false	788381	
hl	4	p200k_hl_transolver_unit_super_scarce_seed42	highlift_surface_super_scarce	transolver_surface	forward_kwargs.fx.source=global_data.U_inf_dir +training.val_interval=25	3e-3	42	false	788382	
hl	5	p200k_hl_transolver_unit_super_scarce_seed43	highlift_surface_super_scarce	transolver_surface	forward_kwargs.fx.source=global_data.U_inf_dir +training.val_interval=25	3e-3	43	false	788383	
hl	6	p200k_hl_isla_scarce_seed42	highlift_surface_scarce	isla_surface_reference	model.out_scalars=3 model.out_vectors=2 +training.val_interval=25	1e-3	42	false	788384	788738
hl	7	p200k_hl_isla_scarce_seed43	highlift_surface_scarce	isla_surface_reference	model.out_scalars=3 model.out_vectors=2 +training.val_interval=25	1e-3	43	false	788385	788739
hl	8	p200k_hl_gt_unit_scarce_seed42	highlift_surface_scarce	geotransolver_surface	forward_kwargs.global_embedding=global_data.U_inf_dir +training.val_interval=25	1e-3	42	false	788386	
hl	9	p200k_hl_gt_unit_scarce_seed43	highlift_surface_scarce	geotransolver_surface	forward_kwargs.global_embedding=global_data.U_inf_dir +training.val_interval=25	1e-3	43	false	788387	
hl	10	p200k_hl_transolver_unit_scarce_seed42	highlift_surface_scarce	transolver_surface	forward_kwargs.fx.source=global_data.U_inf_dir +training.val_interval=25	3e-3	42	false	788388	
hl	11	p200k_hl_transolver_unit_scarce_seed43	highlift_surface_scarce	transolver_surface	forward_kwargs.fx.source=global_data.U_inf_dir +training.val_interval=25	3e-3	43	false	788389	
hl	12	p200k_hl_isla_medium_seed42	highlift_surface_medium	isla_surface_reference	model.out_scalars=3 model.out_vectors=2 +training.val_interval=25	1e-3	42	false	788390	788736
hl	13	p200k_hl_isla_medium_seed43	highlift_surface_medium	isla_surface_reference	model.out_scalars=3 model.out_vectors=2 +training.val_interval=25	1e-3	43	false	788391	788737
hl	14	p200k_hl_gt_unit_medium_seed42	highlift_surface_medium	geotransolver_surface	forward_kwargs.global_embedding=global_data.U_inf_dir +training.val_interval=25	1e-3	42	false	788392	
hl	15	p200k_hl_gt_unit_medium_seed43	highlift_surface_medium	geotransolver_surface	forward_kwargs.global_embedding=global_data.U_inf_dir +training.val_interval=25	1e-3	43	false	788393	
hl	16	p200k_hl_transolver_unit_medium_seed42	highlift_surface_medium	transolver_surface	forward_kwargs.fx.source=global_data.U_inf_dir +training.val_interval=25	3e-3	42	false	788394	
hl	17	p200k_hl_transolver_unit_medium_seed43	highlift_surface_medium	transolver_surface	forward_kwargs.fx.source=global_data.U_inf_dir +training.val_interval=25	3e-3	43	false	788395	
hl	18	p200k_hl_isla_full_seed42	highlift_surface_full	isla_surface_reference	model.out_scalars=3 model.out_vectors=2 +training.val_interval=25	1e-3	42	false	788396	788730
hl	19	p200k_hl_isla_full_seed43	highlift_surface_full	isla_surface_reference	model.out_scalars=3 model.out_vectors=2 +training.val_interval=25	1e-3	43	false	788397	788731
hl	20	p200k_hl_gt_unit_full_seed42	highlift_surface_full	geotransolver_surface	forward_kwargs.global_embedding=global_data.U_inf_dir +training.val_interval=25	1e-3	42	false	788398	
hl	21	p200k_hl_gt_unit_full_seed43	highlift_surface_full	geotransolver_surface	forward_kwargs.global_embedding=global_data.U_inf_dir +training.val_interval=25	1e-3	43	false	788399	
hl	22	p200k_hl_transolver_unit_full_seed42	highlift_surface_full	transolver_surface	forward_kwargs.fx.source=global_data.U_inf_dir +training.val_interval=25	3e-3	42	false	788400	
hl	23	p200k_hl_transolver_unit_full_seed43	highlift_surface_full	transolver_surface	forward_kwargs.fx.source=global_data.U_inf_dir +training.val_interval=25	3e-3	43	false	788401	
hl	24	p200k_hl_isla_geometry_super_scarce_seed42	highlift_surface_geometry_super_scarce	isla_surface_reference	model.out_scalars=3 model.out_vectors=2 +training.val_interval=25	1e-3	42	false	788402	788734
hl	25	p200k_hl_isla_geometry_super_scarce_seed43	highlift_surface_geometry_super_scarce	isla_surface_reference	model.out_scalars=3 model.out_vectors=2 +training.val_interval=25	1e-3	43	false	788403	788735
hl	26	p200k_hl_gt_unit_geometry_super_scarce_seed42	highlift_surface_geometry_super_scarce	geotransolver_surface	forward_kwargs.global_embedding=global_data.U_inf_dir +training.val_interval=25	1e-3	42	false	788404	
hl	27	p200k_hl_gt_unit_geometry_super_scarce_seed43	highlift_surface_geometry_super_scarce	geotransolver_surface	forward_kwargs.global_embedding=global_data.U_inf_dir +training.val_interval=25	1e-3	43	false	788405	
hl	28	p200k_hl_transolver_unit_geometry_super_scarce_seed42	highlift_surface_geometry_super_scarce	transolver_surface	forward_kwargs.fx.source=global_data.U_inf_dir +training.val_interval=25	3e-3	42	false	788406	
hl	29	p200k_hl_transolver_unit_geometry_super_scarce_seed43	highlift_surface_geometry_super_scarce	transolver_surface	forward_kwargs.fx.source=global_data.U_inf_dir +training.val_interval=25	3e-3	43	false	788407	
hl	30	p200k_hl_isla_geometry_scarce_seed42	highlift_surface_geometry_scarce	isla_surface_reference	model.out_scalars=3 model.out_vectors=2 +training.val_interval=25	1e-3	42	false	788408	788732
hl	31	p200k_hl_isla_geometry_scarce_seed43	highlift_surface_geometry_scarce	isla_surface_reference	model.out_scalars=3 model.out_vectors=2 +training.val_interval=25	1e-3	43	false	788409	788733
hl	32	p200k_hl_gt_unit_geometry_scarce_seed42	highlift_surface_geometry_scarce	geotransolver_surface	forward_kwargs.global_embedding=global_data.U_inf_dir +training.val_interval=25	1e-3	42	false	788410	
hl	33	p200k_hl_gt_unit_geometry_scarce_seed43	highlift_surface_geometry_scarce	geotransolver_surface	forward_kwargs.global_embedding=global_data.U_inf_dir +training.val_interval=25	1e-3	43	false	788411	
hl	34	p200k_hl_transolver_unit_geometry_scarce_seed42	highlift_surface_geometry_scarce	transolver_surface	forward_kwargs.fx.source=global_data.U_inf_dir +training.val_interval=25	3e-3	42	false	788412	
hl	35	p200k_hl_transolver_unit_geometry_scarce_seed43	highlift_surface_geometry_scarce	transolver_surface	forward_kwargs.fx.source=global_data.U_inf_dir +training.val_interval=25	3e-3	43	false	788413	
hl	36	p200k_hl_isla_single_aoa_12_seed42	highlift_surface_single_aoa_12	isla_surface_reference	model.out_scalars=3 model.out_vectors=2 +training.val_interval=25	1e-3	42	false	788414	788740
hl	37	p200k_hl_isla_single_aoa_12_seed43	highlift_surface_single_aoa_12	isla_surface_reference	model.out_scalars=3 model.out_vectors=2 +training.val_interval=25	1e-3	43	false	788415	788741
hl	38	p200k_hl_gt_unit_single_aoa_12_seed42	highlift_surface_single_aoa_12	geotransolver_surface	forward_kwargs.global_embedding=global_data.U_inf_dir +training.val_interval=25	1e-3	42	false	788416	
hl	39	p200k_hl_gt_unit_single_aoa_12_seed43	highlift_surface_single_aoa_12	geotransolver_surface	forward_kwargs.global_embedding=global_data.U_inf_dir +training.val_interval=25	1e-3	43	false	788417	
hl	40	p200k_hl_transolver_unit_single_aoa_12_seed42	highlift_surface_single_aoa_12	transolver_surface	forward_kwargs.fx.source=global_data.U_inf_dir +training.val_interval=25	3e-3	42	false	788418	
hl	41	p200k_hl_transolver_unit_single_aoa_12_seed43	highlift_surface_single_aoa_12	transolver_surface	forward_kwargs.fx.source=global_data.U_inf_dir +training.val_interval=25	3e-3	43	false	788419	
defl	0	p200k_hl_isla_deflection_seed42	highlift_surface_deflection	isla_surface_reference	model.out_scalars=3 model.out_vectors=2 +training.val_interval=25	1e-3	42	false	788420	788728
defl	1	p200k_hl_isla_deflection_seed43	highlift_surface_deflection	isla_surface_reference	model.out_scalars=3 model.out_vectors=2 +training.val_interval=25	1e-3	43	false	788421	788729
defl	2	p200k_hl_gt_unit_deflection_seed42	highlift_surface_deflection	geotransolver_surface	forward_kwargs.global_embedding=global_data.U_inf_dir +training.val_interval=25	1e-3	42	false	788422	
defl	3	p200k_hl_gt_unit_deflection_seed43	highlift_surface_deflection	geotransolver_surface	forward_kwargs.global_embedding=global_data.U_inf_dir +training.val_interval=25	1e-3	43	false	788423	
lad	0	p200k_dr_isla_n27_seed42	drivaer_scaling	isla_surface_reference	train_split=train_n27	1e-3	42	false	788424	
lad	1	p200k_dr_isla_n27_seed43	drivaer_scaling	isla_surface_reference	train_split=train_n27	1e-3	43	false	788425	
lad	2	p200k_dr_gt_unit_n27_seed42	drivaer_scaling	geotransolver_surface	forward_kwargs.global_embedding=global_data.U_inf_dir train_split=train_n27	1e-3	42	false	788426	
lad	3	p200k_dr_gt_unit_n27_seed43	drivaer_scaling	geotransolver_surface	forward_kwargs.global_embedding=global_data.U_inf_dir train_split=train_n27	1e-3	43	false	788427	
lad	4	p200k_dr_transolver_unit_n27_seed42	drivaer_scaling	transolver_surface	forward_kwargs.fx.source=global_data.U_inf_dir train_split=train_n27	3e-3	42	false	788428	
lad	5	p200k_dr_transolver_unit_n27_seed43	drivaer_scaling	transolver_surface	forward_kwargs.fx.source=global_data.U_inf_dir train_split=train_n27	3e-3	43	false	788429	
lad	6	p200k_dr_isla_n54_seed42	drivaer_scaling	isla_surface_reference	train_split=train_n54	1e-3	42	false	788430	
lad	7	p200k_dr_isla_n54_seed43	drivaer_scaling	isla_surface_reference	train_split=train_n54	1e-3	43	false	788431	
lad	8	p200k_dr_gt_unit_n54_seed42	drivaer_scaling	geotransolver_surface	forward_kwargs.global_embedding=global_data.U_inf_dir train_split=train_n54	1e-3	42	false	788432	
lad	9	p200k_dr_gt_unit_n54_seed43	drivaer_scaling	geotransolver_surface	forward_kwargs.global_embedding=global_data.U_inf_dir train_split=train_n54	1e-3	43	false	788433	
lad	10	p200k_dr_transolver_unit_n54_seed42	drivaer_scaling	transolver_surface	forward_kwargs.fx.source=global_data.U_inf_dir train_split=train_n54	3e-3	42	false	788434	
lad	11	p200k_dr_transolver_unit_n54_seed43	drivaer_scaling	transolver_surface	forward_kwargs.fx.source=global_data.U_inf_dir train_split=train_n54	3e-3	43	false	788435	
lad	12	p200k_dr_isla_n109_seed42	drivaer_scaling	isla_surface_reference	train_split=train_n109	1e-3	42	false	788436	
lad	13	p200k_dr_isla_n109_seed43	drivaer_scaling	isla_surface_reference	train_split=train_n109	1e-3	43	false	788437	
lad	14	p200k_dr_gt_unit_n109_seed42	drivaer_scaling	geotransolver_surface	forward_kwargs.global_embedding=global_data.U_inf_dir train_split=train_n109	1e-3	42	false	788438	
lad	15	p200k_dr_gt_unit_n109_seed43	drivaer_scaling	geotransolver_surface	forward_kwargs.global_embedding=global_data.U_inf_dir train_split=train_n109	1e-3	43	false	788439	
lad	16	p200k_dr_transolver_unit_n109_seed42	drivaer_scaling	transolver_surface	forward_kwargs.fx.source=global_data.U_inf_dir train_split=train_n109	3e-3	42	false	788440	
lad	17	p200k_dr_transolver_unit_n109_seed43	drivaer_scaling	transolver_surface	forward_kwargs.fx.source=global_data.U_inf_dir train_split=train_n109	3e-3	43	false	788441	
lad	18	p200k_dr_isla_n218_seed42	drivaer_scaling	isla_surface_reference	train_split=train_n218	1e-3	42	false	788442	
lad	19	p200k_dr_isla_n218_seed43	drivaer_scaling	isla_surface_reference	train_split=train_n218	1e-3	43	false	788443	
lad	20	p200k_dr_gt_unit_n218_seed42	drivaer_scaling	geotransolver_surface	forward_kwargs.global_embedding=global_data.U_inf_dir train_split=train_n218	1e-3	42	false	788444	
lad	21	p200k_dr_gt_unit_n218_seed43	drivaer_scaling	geotransolver_surface	forward_kwargs.global_embedding=global_data.U_inf_dir train_split=train_n218	1e-3	43	false	788445	
lad	22	p200k_dr_transolver_unit_n218_seed42	drivaer_scaling	transolver_surface	forward_kwargs.fx.source=global_data.U_inf_dir train_split=train_n218	3e-3	42	false	788446	
lad	23	p200k_dr_transolver_unit_n218_seed43	drivaer_scaling	transolver_surface	forward_kwargs.fx.source=global_data.U_inf_dir train_split=train_n218	3e-3	43	false	788447	
vol	0	p200k_dr_isla_vol_seed42	drivaer_ml_volume_reference	isla_volume_reference	+training.val_interval=10	1e-3	42	false	788448	788866
vol	1	p200k_dr_isla_vol_seed43	drivaer_ml_volume_reference	isla_volume_reference	+training.val_interval=10	1e-3	43	false	788449	788868
vol	2	p200k_dr_gt_unit_vol_seed42	drivaer_ml_volume_mt	geotransolver_volume	forward_kwargs.global_embedding=global_data.U_inf_dir +training.val_interval=10	1e-3	42	false	788450	
vol	3	p200k_dr_gt_unit_vol_seed43	drivaer_ml_volume_mt	geotransolver_volume	forward_kwargs.global_embedding=global_data.U_inf_dir +training.val_interval=10	1e-3	43	false	788451	
